u_id,name,mobile,wallet_id,when_created
2,Sinclair Rouff,4743872111,99,12/4/2018 0:00
3,Abbott Bibey,5720580751,20,1/14/2018 0:00
4,Martie Rogier,3480070779,86,6/26/2020 0:00
5,Eve Steinson,6271209920,19,7/3/2018 0:00
6,Dode Woonton,2677641062,41,12/2/2017 0:00
7,Daile Denning,5522594039,7,7/24/2019 0:00
8,Jacynth Valens-Smith,8216078390,28,9/6/2019 0:00
9,Paquito Reagan,1627017763,39,2/14/2019 0:00
10,Sarena Manneville,6658352097,21,9/20/2017 0:00
11,Laurianne Goatcher,3787017984,35,4/20/2020 0:00
12,Vinny Rothera,1662807767,100,3/19/2018 0:00
13,Whitman Hadlington,9675976454,16,5/18/2019 0:00
14,Alvy McGrady,7144267906,21,6/30/2018 0:00
15,Annnora Andrioli,1548513598,26,5/24/2017 0:00
16,Riva Slobom,284619116,28,12/22/2019 0:00
17,Aretha Melbury,6300161129,41,2/4/2019 0:00
18,Vanni Larvin,6209906443,54,1/4/2018 0:00
19,Benny Ogers,4673372522,8,7/6/2017 0:00
20,Stephannie Pugsley,3342887796,11,9/22/2018 0:00
21,Gerladina Roylance,3621551344,36,11/1/2018 0:00
22,Glen Barfitt,3342627204,4,5/22/2017 0:00
23,Evaleen Kester,1280296259,73,3/7/2020 0:00
24,Marjy Hallick,6941491310,100,2/26/2020 0:00
25,Jereme Gittins,4552842501,31,12/2/2018 0:00
26,Jeanne Brownsett,9862572167,5,4/15/2019 0:00
27,Ediva Di Roberto,4322995055,62,3/19/2018 0:00
28,Fianna Lilly,2048088589,71,4/2/2020 0:00
29,Sunny Flicker,3673088092,70,11/7/2019 0:00
30,Milton Toth,111394317,73,6/9/2018 0:00
31,Mella Loveless,837576768,29,3/25/2019 0:00
32,Corrinne Omar,8178207222,28,11/30/2016 0:00
33,Gaylord Earey,4732793916,39,4/7/2020 0:00
34,Bernard Nouch,7031345529,7,8/24/2018 0:00
35,Norri Staunton,4314921781,52,6/28/2020 0:00
36,Cristabel Dukesbury,2287777598,48,3/5/2018 0:00
37,Vally Yearnes,4544162092,75,7/16/2016 0:00
38,Maisie Lie,869606255,85,5/10/2017 0:00
39,Denice Jameson,8710759107,92,7/2/2019 0:00
40,Blondie Powrie,9736619192,93,10/29/2017 0:00
41,Ashley Vauls,5757786450,38,4/17/2020 0:00
42,Travus Bosenworth,8870281302,74,1/14/2020 0:00
43,Claiborne Mougel,5521004270,78,12/21/2016 0:00
44,Lotti Archbutt,2102398439,10,7/2/2020 0:00
45,Susana Kohrding,7804951442,79,7/12/2016 0:00
46,Maurizia Marzelle,8997708414,38,1/16/2019 0:00
47,Leodora O'Fihillie,1867133792,69,11/22/2017 0:00
48,Clifford Lambswood,347408400,100,5/31/2018 0:00
49,Hildagard Alesin,8558887853,91,7/17/2019 0:00
50,Rodolfo Dacombe,1945468378,74,10/25/2018 0:00
51,Adrian Tolussi,3881378510,67,4/19/2017 0:00
52,Troy Woltman,4044922160,23,2/24/2020 0:00
53,Nissa Barnwille,1304235173,46,7/29/2019 0:00
54,Alvie Bankhurst,5679413922,69,2/6/2019 0:00
55,Agnella Baigrie,4611962660,44,2/18/2018 0:00
56,Bryn Verny,736700420,20,8/13/2019 0:00
57,Ricardo Jacobovitz,4086027690,55,7/22/2019 0:00
58,Terrye Minshaw,6384378507,54,10/13/2019 0:00
59,Kliment Danielsson,6923501571,13,2/16/2020 0:00
60,Der Shiril,832560308,9,7/31/2017 0:00
61,Verge Clace,7454864880,73,3/26/2020 0:00
62,Jacquenetta Jeune,2620355192,56,8/27/2018 0:00
63,Scott By,6635551794,50,3/16/2017 0:00
64,Hamilton Mac Giany,5324635251,37,4/23/2018 0:00
65,Phillip Ducker,7327812075,31,12/16/2018 0:00
66,Nicko Cutbush,998335177,13,6/19/2017 0:00
67,Catharina Izachik,3882716916,82,12/23/2016 0:00
68,Lewes Zuann,7063586424,87,8/28/2016 0:00
69,Cristionna Mohring,5985647498,10,11/14/2016 0:00
70,Tatum Troughton,7811147955,31,1/5/2020 0:00
71,Johnnie Ronaldson,8569959818,87,3/28/2020 0:00
72,Zilvia McCrackem,2065738146,38,5/9/2018 0:00
73,Eldin Ricard,7305642215,75,9/20/2019 0:00
74,Whitby Sparshatt,8236457605,71,1/6/2020 0:00
75,Zia Robinson,5210318141,40,7/13/2020 0:00
76,Gelya Palethorpe,5655140284,14,6/29/2019 0:00
77,Elden Skells,449088340,44,7/9/2018 0:00
78,Danita Burwood,2931084638,19,2/20/2019 0:00
79,Shirlee McAleese,4652616449,19,3/3/2017 0:00
80,Frayda Cressor,4483095447,90,4/23/2018 0:00
81,Pavia Drust,4019960550,1,11/28/2019 0:00
82,Tye Brotherhead,498288056,74,1/24/2017 0:00
83,Flora Steinhammer,3079091590,7,5/29/2020 0:00
84,Toiboid Tight,8717191742,51,8/20/2019 0:00
85,Glenn Vedenichev,5180442575,83,4/20/2019 0:00
86,Barri Royan,9221028690,74,6/4/2020 0:00
87,Evelyn Tomisch,8167351483,56,10/26/2017 0:00
88,Petronella Nasey,7322435419,37,6/3/2020 0:00
89,Sly Leeb,3300576881,51,6/2/2020 0:00
90,Shawna Bachanski,9531190879,59,7/5/2018 0:00
91,Mellisent Ferrea,5645169441,37,4/14/2017 0:00
92,Olivette Little,153044101,86,7/21/2017 0:00
93,Benton Careless,9862548614,14,2/27/2019 0:00
94,Millie Cultcheth,9187296691,56,12/16/2018 0:00
95,Humbert Ringsell,3947795645,15,9/10/2019 0:00
96,Hadley Siggins,3911922442,75,1/5/2019 0:00
97,Warde Waleworke,8044789839,15,11/10/2016 0:00
98,Liane Derx,5388336417,84,10/10/2019 0:00
99,Shanon Tingey,98811460,32,8/8/2018 0:00
100,Myrah Pina,3134728370,10,7/29/2017 0:00
